token,frequency
container,1512
yarn,1103
application,1095
resource,939
queue,921
node,921
support,785
user,673
service,638
add,628
cluster,556
scheduler,517
app,484
request,432
log,361
change,338
job,321
time,319
api,318
file,312
client,308
allow,306
create,304
base,282
capacity,279
configuration,277
currently,274
provide,265
scheduling,252
start,247
state,244
task,235
allocation,227
work,226
memory,216
label,216
different,214
implement,210
timeline,206
type,204
local,204
well,203
docker,202
process,201
server,200
store,199
implementation,196
policy,196
enable,193
launch,192
